"sample.id","Observed","Shannon","FaithPD","collection.date","motu","island.side","station","site","transect","distance.along.transect","lat","long","sample.type","health.state","algae.N15","algae.C13.not.acid","algae.N.percent","rat.status","mL_sterivex","Evenness","RelAbund_Rhodospirillales_AEGEAN_169_marine_group","RelAbund_SAR11_CladeIa","RelAbund_SAR11_CladeIb","RelAbund_SAR11_CladeII","RelAbund_Prochlorococcus","RelAbund_SAR116_Clade","RelAbund_SAR86_Clade","RelAbund_Synechococcus","RelAbund_Cellvibrionales_Aestuariicella","RelAbund_Alteromonadales_Agaribacter","RelAbund_Cytophagales_Candidatus_Amoebophilus","RelAbund_Endozoicomonas","RelAbund_Alteromonadales_Glaciecola","RelAbund_Oceanospirillales_Neptuniibacter","RelAbund_Cellvibrionales_Porticoccus","RelAbund_Woesearchaeales_SCGC_AAA286E23","RelAbund_Litoricola","RelAbund_Uncultured_Alteromonadaceaeae","NMDS1","NMDS2","beta_dispersion_motu_islandside","site.name"
"TC148",43,1.590371757,8.11270344,"8-Nov-21","aie","leeward","A1Ta20",1,"a",20,17.00924,149.53558,"coral","D5",8.04,-7.82,0.34,"none",NA,0.422836251217847,NA,NA,NA,NA,NA,NA,NA,NA,0.0254645560908465,0,0.000688231245698555,0.397109428768066,0,0,0,0.503785271851342,0.0240880935994494,0.0137646249139711,-2.84476170791056,2.50558852537812,0.662342756641635,"A1"
"TC149",14,1.497680838,2.718268582,"8-Nov-21","aie","leeward","A1Ta20",1,"a",30,17.00931,149.53563,"coral","D5",6.31,-8.46,0.48,"none",NA,0.567505988291032,NA,NA,NA,NA,NA,NA,NA,NA,0,0,0.00619408121128699,0.955953200275293,0,0,0,0,0.0178940123881624,0.0116999311768754,2.11214138114015,-0.318435412352674,0.387179683709366,"A1"
"TC150",14,1.518673551,2.049601112,"8-Nov-21","aie","leeward","A1Ta40",1,"a",40,17.00941,149.53574,"coral","D5",5.67,-9.13,0.32,"none",NA,0.575460613893296,NA,NA,NA,NA,NA,NA,NA,NA,0.000688231245698555,0,0,0.965588437715072,0,0,0,0,0.0103234686854783,0.0172057811424639,2.33375921024709,-0.179131926382838,0.393110602150745,"A1"
"TC152",87,1.28527247,13.77066724,"8-Nov-21","aie","leeward","A1Tb20",1,"b",20,17.00915,149.53574,"coral","D5",6.6,-8.52,0.36,"none",NA,0.287796442705858,NA,NA,NA,NA,NA,NA,NA,NA,0,0.00206469373709566,0,0.783895388850654,0.000688231245698555,0.000688231245698555,0,0,0.0495526496902959,0.0350997935306263,-3.63600153783741,0.129743400529252,0.634633930095995,"A1"
"TC153",5,1.275787571,0.256003658,"8-Nov-21","aie","leeward","A1Tb30",1,"b",30,17.00924,149.53583,"coral","D4/D5",5.81,-9.54,0.34,"none",NA,0.792691386939251,NA,NA,NA,NA,NA,NA,NA,NA,0,0,0,0.986235375086029,0,0,0,0,0.0137646249139711,0,3.02123440664438,-0.0801481729183623,0.407180617157512,"A1"
"TC154",224,3.816734176,27.33719355,"8-Nov-21","aie","leeward","A1Tb40",1,"b",40,17.00928,149.53592,"coral","E5",5.28,-8.89,0.3,"none",NA,0.705281561178909,NA,NA,NA,NA,NA,NA,NA,NA,0.000688231245698555,0.0130763936682725,0.0199587061252581,0.354439091534756,0.00206469373709566,0.00344115622849277,0,0,0.0729525120440468,0.0598761183757743,-3.63409815011597,-1.42228356235864,0.58441334575743,"A1"
"TC156",330,4.968920262,37.29071883,"8-Nov-21","aie","leeward","A1Tc20",1,"c",20,17.00895,149.53598,"coral","E5",7.86,-7.92,0.31,"none",NA,0.856844433788797,NA,NA,NA,NA,NA,NA,NA,NA,0.0116999311768754,0.0103234686854783,0,0.0192704748795595,0,0.000688231245698555,0,0,0.164487267721955,0.0516173434273916,-4.10065891403759,-3.23112943278179,0.699296762847397,"A1"
"TC157",58,2.110154139,10.24959672,"8-Nov-21","aie","leeward","A1Tc30",1,"c",30,17.00899,149.53604,"coral","D5",NA,NA,NA,"none",NA,0.519685692797357,NA,NA,NA,NA,NA,NA,NA,NA,0.00137646249139711,0.00963523743977977,0,0.786648313833448,0.00275292498279422,0,0,0.00137646249139711,0.0481761871988988,0.0357880247763248,0.384661363942485,-1.05424248525956,0.341084309448497,"A1"
"TC158",28,1.45363124,5.058712795,"8-Nov-21","aie","leeward","A1Tc40",1,"c",40,17.00907,149.53612,"coral","E5",7.06,-8.82,0.49,"none",NA,0.436237102363075,NA,NA,NA,NA,NA,NA,NA,NA,0,0,0,0.930488644184446,0,0,0,0,0.00688231245698555,0.0199587061252581,1.76574330160472,-0.620356212313882,0.385931947363222,"A1"
"TC159",269,4.086150959,30.33816053,"9-Nov-21","aie","windward","A2Ta10",2,"a",10,17.00774,149.5361,"coral","E5",8.45,-9.34,0.44,"none",NA,0.730359563122057,NA,NA,NA,NA,NA,NA,NA,NA,0.00137646249139711,0.037164487267722,0,0.169993117687543,0.10942876806607,0.0929112181693049,0.00275292498279422,0.00137646249139711,0.0295939435650379,0.130075705437027,-3.93338172325951,-2.29411287173091,0.505201865493765,"A2"
"TC160",103,2.92836402,15.46168742,"9-Nov-21","aie","windward","A2Ta20",2,"a",20,17.00763,149.53613,"coral","E5",7.38,-8.79,0.41,"none",NA,0.631830691165951,NA,NA,NA,NA,NA,NA,NA,NA,0,0.00825877494838266,0.0853406744666208,0.129387474191328,0.0406056434962147,0.0461114934618032,0,0.00137646249139711,0.147969717825189,0.30488644184446,-3.41750643979391,-1.08635888898411,0.503608637447583,"A2"
"TC161",124,3.352648802,17.09997215,"9-Nov-21","aie","windward","A2Ta30",2,"a",30,17.00757,149.53619,"coral","E5",5.61,-9,0.34,"none",NA,0.695529660740716,NA,NA,NA,NA,NA,NA,NA,NA,0.00206469373709566,0.0474879559532003,0,0.0935994494150034,0.267721954576738,0.0619408121128699,0.0261527873365451,0.00344115622849277,0.088093599449415,0.151410874053682,-2.89295049850065,-1.66173000683577,0.462763910972423,"A2"
"TC162",239,4.267515169,28.63294467,"9-Nov-21","aie","windward","A2Ta40",2,"a",40,17.00749,149.53615,"coral","E5",NA,NA,NA,"none",NA,0.779246520776145,NA,NA,NA,NA,NA,NA,NA,NA,0,0.0467997247075017,0.111493461803166,0.0075705437026841,0.0715760495526497,0.018582243633861,0.0192704748795595,0,0.0488644184445974,0.174122505161734,-3.70074950532996,-2.49762877525837,0.494825675467008,"A2"
"TC163",130,2.996099775,18.45232114,"9-Nov-21","aie","windward","A2Tb10",2,"b",10,17.00767,149.53595,"coral","D5",6.83,-9.11,0.48,"none",NA,0.615527184346806,NA,NA,NA,NA,NA,NA,NA,NA,0,0.018582243633861,0,0.631796283551273,0.0137646249139711,0,0,0.00412938747419133,0.0110116999311769,0.0591878871300757,-1.83736425746952,-2.31676283018885,0.50778627315124,"A2"
"TC164",84,2.500787228,13.10790472,"9-Nov-21","aie","windward","A2Tb20",2,"b",20,17.00759,149.53596,"coral","D5",6.29,-8.71,0.34,"none",NA,0.564407724700521,NA,NA,NA,NA,NA,NA,NA,NA,0,0.00550584996558844,0,0.686166551961459,0.00550584996558844,0,0,0.00206469373709566,0.0289057123193393,0.0660701995870613,-0.792544400657254,-1.5687930606315,0.510997496358337,"A2"
"TC165",198,4.547841777,24.24972767,"9-Nov-21","aie","windward","A2Tb30",2,"b",30,17.0075,149.536,"coral","E5",6.04,-8.79,0.37,"none",NA,0.859987166041937,NA,NA,NA,NA,NA,NA,NA,NA,0,0.0275292498279422,0,0.0488644184445974,0.0075705437026841,0.000688231245698555,0,0,0.094287680660702,0.131452167928424,-3.88809856157091,-1.78207279767771,0.550576770427648,"A2"
"TC166",93,3.191308991,14.43723843,"9-Nov-21","aie","windward","A2Tb40",2,"b",40,17.00742,149.536,"coral","E4",NA,NA,NA,"none",NA,0.704079192485603,NA,NA,NA,NA,NA,NA,NA,NA,0.00206469373709566,0.0646937370956641,0.0344115622849277,0,0.150034411562285,0.0316586373021335,0.144528561596696,0.0206469373709566,0.0399174122505162,0.250516173434274,-3.10543850058495,-1.79268893396327,0.50167322774857,"A2"
"TC167",16,1.339324597,2.838488937,"9-Nov-21","aie","windward","A2Tc10",2,"c",10,17.00764,149.53572,"coral","E5",7.3,-8.27,0.59,"none",NA,0.483059238558127,NA,NA,NA,NA,NA,NA,NA,NA,0,0,0,0.977288368891948,0,0,0,0,0,0.00412938747419133,2.25717197738372,-0.672553395402977,0.625116991014367,"A2"
"TC168",140,4.064003303,21.05667906,"9-Nov-21","aie","windward","A2Tc20",2,"c",20,17.00761,149.53572,"coral","E4",6.09,-10.58,0.52,"none",NA,0.822399306838982,NA,NA,NA,NA,NA,NA,NA,NA,0.012388162422574,0.0344115622849277,0,0.102546455609085,0.0529938059187887,0.0206469373709566,0.00412938747419133,0.0144528561596696,0.0103234686854783,0.122505161734343,-3.7411894981535,-0.614529583919674,0.52500106007918,"A2"
"TC170",108,3.270799104,17.79459408,"9-Nov-21","aie","windward","A2Tc40",2,"c",40,17.00739,149.53574,"coral","E5",NA,NA,NA,"none",NA,0.698570575094482,NA,NA,NA,NA,NA,NA,NA,NA,0.00412938747419133,0.0268410185822436,0.153475567790778,0.40467997247075,0.00412938747419133,0.00137646249139711,0.00206469373709566,0,0,0.0075705437026841,-2.36526491216687,-1.19150640005751,0.556965107962343,"A2"
"TC171",5,1.364545397,0.053488247,"10-Nov-21","reiono","leeward","Re1Ta10",1,"a",10,17.04528,149.54781,"coral","E5",10.66,-8.88,0.61,"none (recently eradicated)",NA,0.847839724948615,NA,NA,NA,NA,NA,NA,NA,NA,0,0,0,1,0,0,0,0,0,0,3.27885135962542,-0.0829356928306692,0.400742322139793,"Re1"
"TC172",262,4.936605502,26.8578082,"10-Nov-21","reiono","leeward","Re1Ta20",1,"a",20,17.04528,149.54791,"coral","E5",8.62,-7.45,0.59,"none (recently eradicated)",NA,0.886548147059796,NA,NA,NA,NA,NA,NA,NA,NA,0,0.0791465932553338,0,0.0798348245010324,0.00481761871988988,0,0,0.00412938747419133,0,0.00206469373709566,-4.41343078096231,-1.24704453429057,0.743450563067784,"Re1"
"TC173",7,1.37770511,0.317048809,"10-Nov-21","reiono","leeward","Re1Ta30",1,"a",30,17.04528,149.54802,"coral","D5",6.63,-7.86,0.42,"none (recently eradicated)",NA,0.708000372303335,NA,NA,NA,NA,NA,NA,NA,NA,0.000688231245698555,0,0,0.999311768754301,0,0,0,0,0,0,3.07115547463029,0.0241836085171887,0.401298049993946,"Re1"
"TC174",65,2.075544767,11.26061221,"10-Nov-21","reiono","leeward","Re1Ta40",1,"a",40,17.04526,149.5481,"coral","E4",6.18,-8.22,0.57,"none (recently eradicated)",NA,0.497209442441571,NA,NA,NA,NA,NA,NA,NA,NA,0.0805230557467309,0,0.296627666896077,0,0,0,0,0.496902959394357,0.00137646249139711,0,-2.11006913575469,4.20359537654373,0.736866173377131,"Re1"
"TC175",30,1.29892818,6.799940038,"10-Nov-21","reiono","leeward","Re1Tb10",1,"b",10,17.04634,149.54778,"coral","E5",8.65,-7.06,0.61,"none (recently eradicated)",NA,0.381903204737038,NA,NA,NA,NA,NA,NA,NA,NA,0.0206469373709566,0,0,0.534067446662079,0.00344115622849277,0,0,0.366139022711631,0,0,-2.99292685182021,4.76193881205294,0.630945083990056,"Re1"
"TC176",34,1.476046848,6.794561791,"10-Nov-21","reiono","leeward","Re1Tb20",1,"b",20,17.04631,149.54784,"coral","E5",7.5,-8.53,0.48,"none (recently eradicated)",NA,0.418575139352964,NA,NA,NA,NA,NA,NA,NA,NA,0,0.00275292498279422,0,0.946317962835513,0,0,0,0.0206469373709566,0,0,1.04714757739487,1.87628010769669,0.373021564437873,"Re1"
"TC177",89,1.882289838,10.19582148,"10-Nov-21","reiono","leeward","Re1Tb30",1,"b",30,17.04633,149.54796,"coral","E5",7.28,-8.92,0.58,"none (recently eradicated)",NA,0.419345583592535,NA,NA,NA,NA,NA,NA,NA,NA,0,0.0722642807983482,0,0.0502408809359945,0.0192704748795595,0.00688231245698555,0.759119064005506,0.00275292498279422,0,0,-3.05841031341344,-2.30614485653042,0.742247223668947,"Re1"
"TC178",10,1.308461144,2.304111397,"10-Nov-21","reiono","leeward","Re1Tb40",1,"b",40,17.0463,149.54805,"coral","E5",5.15,-8.04,0.36,"none (recently eradicated)",NA,0.568257454624016,NA,NA,NA,NA,NA,NA,NA,NA,0.00206469373709566,0,0.00137646249139711,0.992429456297316,0,0,0,0.00206469373709566,0,0,2.54561567839009,0.536592382210051,0.400195439242586,"Re1"
"TC179",17,1.427974974,4.115146377,"10-Nov-21","reiono","leeward","Re1Tc10",1,"c",10,17.04688,149.54765,"coral","E5",9.43,-8.02,0.49,"none (recently eradicated)",NA,0.504012511798923,NA,NA,NA,NA,NA,NA,NA,NA,0.00344115622849277,0,0.000688231245698555,0.987611837577426,0,0,0,0.00137646249139711,0,0,2.45600182331122,0.303740307107285,0.398012839456471,"Re1"
"TC180",85,1.106349495,13.34068555,"10-Nov-21","reiono","leeward","Re1Tc20",1,"c",20,17.04686,149.54776,"coral","E5",7.99,-7.19,0.56,"none (recently eradicated)",NA,0.249029111475658,NA,NA,NA,NA,NA,NA,NA,NA,0,0,0,0.844459738472127,0,0,0,0,0,0,-6.3961384268731,1.02458355610024,0.669464904176217,"Re1"
"TC181",8,1.164925721,1.626248145,"10-Nov-21","reiono","leeward","Re1Tc30",1,"c",30,17.04684,149.54784,"coral","D5",7.07,-9.46,0.49,"none (recently eradicated)",NA,0.560210853563567,NA,NA,NA,NA,NA,NA,NA,NA,0,0,0,0.995870612525809,0,0,0,0,0,0,3.41945376315761,0.164898184506144,0.402487383355147,"Re1"
"TC182",31,1.894253547,7.027327268,"10-Nov-21","reiono","leeward","Re1Tc40",1,"c",40,17.04684,149.54794,"coral","D5",6.68,-7.91,0.48,"none (recently eradicated)",NA,0.551619279339744,NA,NA,NA,NA,NA,NA,NA,NA,0,0,0.12388162422574,0.824501032346869,0,0,0,0,0,0,1.07378786487133,0.932922072688291,0.320713934888851,"Re1"
"TC183",91,2.02779975,14.87139666,"5-Nov-21","reiono","windward","Re2Ta10",2,"a",10,17.04488,149.54433,"coral","E5",5.76,-8.91,0.29,"none (recently eradicated)",NA,0.44953733253506,NA,NA,NA,NA,NA,NA,NA,NA,0.625602202339986,0,0,0.111493461803166,0,0,0,0.0282174810736407,0,0,-2.79465503136217,0.93270388797722,0.707180454923988,"Re2"
"TC184",86,2.078250256,13.20921838,"5-Nov-21","reiono","windward","Re2Ta20",2,"a",20,17.04486,149.54424,"coral","E5",6.21,-8.84,0.43,"none (recently eradicated)",NA,0.466566730831246,NA,NA,NA,NA,NA,NA,NA,NA,0.0529938059187887,0,0.0839642119752237,0.40949759119064,0,0,0.000688231245698555,0.35719201651755,0,0.00206469373709566,-1.84866770089645,3.54688437847656,0.730211398938209,"Re2"
"TC185",32,0.828432301,5.874810329,"5-Nov-21","reiono","windward","Re2Ta30",2,"a",30,17.04482,149.54414,"coral","D4",5.65,-9.36,0.34,"none (recently eradicated)",NA,0.239035034472987,NA,NA,NA,NA,NA,NA,NA,NA,0.000688231245698555,0,0,0.975223675154852,0,0,0,0,0,0,2.52785290376164,-1.79180044382146,0.475185206654154,"Re2"
"TC186",56,1.803342283,10.40082991,"5-Nov-21","reiono","windward","Re2Ta40",2,"a",40,17.04478,149.54407,"coral","E5",5.97,-9.34,0.44,"none (recently eradicated)",NA,0.447996205437308,NA,NA,NA,NA,NA,NA,NA,NA,0,0.00275292498279422,0.0151410874053682,0.90020646937371,0,0,0,0,0,0,1.64733478979373,-1.87854135930364,0.310507214182047,"Re2"
"TC187",5,1.150421549,0.787914322,"5-Nov-21","reiono","windward","Re2Tb10",2,"b",10,17.04511,149.54422,"coral","E5",7.62,-7.19,0.47,"none (recently eradicated)",NA,0.714797097863882,NA,NA,NA,NA,NA,NA,NA,NA,0,0,0.0178940123881624,0.981417756366139,0,0,0,0,0,0,3.20399761264275,0.174572085746675,0.234763347495253,"Re2"
"TC188",23,1.414025252,4.243909918,"5-Nov-21","reiono","windward","Re2Tb20",2,"b",20,17.04508,149.54414,"coral","E5",5.65,-9.69,0.34,"none (recently eradicated)",NA,0.450973643904802,NA,NA,NA,NA,NA,NA,NA,NA,0,0.00137646249139711,0.00550584996558844,0.964900206469374,0,0,0,0,0,0,1.88281685990331,-0.112164791339804,0.265530100039011,"Re2"
"TC189",20,1.551046226,3.840369482,"5-Nov-21","reiono","windward","Re2Tb30",2,"b",30,17.04507,149.54405,"coral","E4",5.38,-10.19,0.33,"none (recently eradicated)",NA,0.517751949896348,NA,NA,NA,NA,NA,NA,NA,NA,0,0,0,0.984170681348933,0,0,0,0,0,0,2.70528019276751,-0.728828582167051,0.271370588902166,"Re2"
"TC190",15,1.312518827,3.063503158,"5-Nov-21","reiono","windward","Re2Tb40",2,"b",40,17.04504,149.54398,"coral","D3",5.09,-8.94,0.38,"none (recently eradicated)",NA,0.484673004387359,NA,NA,NA,NA,NA,NA,NA,NA,0,0.00344115622849277,0,0.982794218857536,0,0,0,0,0,0,2.2535893107875,0.373223323823336,0.25786935482422,"Re2"
"TC191",9,1.308998484,1.850386225,"5-Nov-21","reiono","windward","Re2Tc10",2,"c",10,17.04559,149.54399,"coral","E5",7.23,-8.11,0.42,"none (recently eradicated)",NA,0.595750883865931,NA,NA,NA,NA,NA,NA,NA,NA,0,0,0,0.995870612525809,0,0,0,0,0,0,3.20433107756721,-0.363759946989089,0.275090453357342,"Re2"
"TC192",71,1.949802744,11.37199723,"5-Nov-21","reiono","windward","Re2Tc20",2,"c",20,17.04558,149.54388,"coral","E4/E5",4.69,-9.48,0.28,"none (recently eradicated)",NA,0.457412426042497,NA,NA,NA,NA,NA,NA,NA,NA,0.00137646249139711,0,0,0.875430144528562,0,0,0,0,0,0,0.124691474859984,-0.351261477747859,0.305337985788089,"Re2"
"TC193",223,3.101324086,27.01222236,"5-Nov-21","reiono","windward","Re2Tc30",2,"c",30,17.04556,149.54381,"coral","E5",5.07,-9.35,0.43,"none (recently eradicated)",NA,0.573557530087959,NA,NA,NA,NA,NA,NA,NA,NA,0.000688231245698555,0.0130763936682725,0,0.620784583620096,0.00206469373709566,0,0.00206469373709566,0,0,0.000688231245698555,-2.52167879263342,-3.31367200103235,0.458796888713498,"Re2"
"TC194",80,1.518757007,12.57285764,"5-Nov-21","reiono","windward","Re2Tc40",2,"c",40,17.04553,149.54372,"coral","E5",4.64,-8.55,0.31,"none (recently eradicated)",NA,0.346587808248917,NA,NA,NA,NA,NA,NA,NA,NA,0.0406056434962147,0.00137646249139711,0,0.697866483138334,0,0,0,0.135581555402615,0,0,-3.477572761149,1.27118092683995,0.782940703639536,"Re2"
"TC195",34,1.650600031,5.896194161,"7-Nov-21","rimatuu","leeward","Rm1Ta10",1,"a",10,17.02838,149.56067,"coral","E5",3.51,-7.91,0.35,"exulans only",NA,0.468074667770864,NA,NA,NA,NA,NA,NA,NA,NA,0,0.000688231245698555,0,0.969029593943565,0,0,0,0,0,0,1.55683081782211,-0.102057193693694,0.141209627578599,"Rm1"
"TC197",23,1.538321773,4.119866921,"7-Nov-21","rimatuu","leeward","Rm1Ta30",1,"a",30,17.0284,149.56085,"coral","E5",3.51,-6.93,0.45,"exulans only",NA,0.490615407671593,NA,NA,NA,NA,NA,NA,NA,NA,0.00206469373709566,0,0,0.977976600137646,0,0,0,0,0,0,2.83700085723519,0.528354964292876,0.222361082792209,"Rm1"
"TC198",13,1.550569385,1.633441593,"7-Nov-21","rimatuu","leeward","Rm1Ta40",1,"a",40,17.0284,149.56096,"coral","E4",3.25,-7.56,0.34,"exulans only",NA,0.604522416978461,NA,NA,NA,NA,NA,NA,NA,NA,0.000688231245698555,0.00137646249139711,0,0.994494150034412,0,0,0,0,0,0,2.65479027780063,-0.160966977769427,0.154822172450441,"Rm1"
"TC199",7,1.272157886,0.339366401,"7-Nov-21","rimatuu","leeward","Rm1Tb10",1,"b",10,17.02868,149.56068,"coral","E5",4.07,-7.17,0.47,"exulans only",NA,0.653759828848006,NA,NA,NA,NA,NA,NA,NA,NA,0,0,0,0.999311768754301,0,0,0,0,0,0,3.35223003435501,-0.0981078714392923,0.211350494252724,"Rm1"
"TC200",6,1.184359398,0.344829624,"7-Nov-21","rimatuu","leeward","Rm1Tb20",1,"b",20,17.02868,149.56081,"coral","E5",3.4,-7.72,0.45,"exulans only",NA,0.661003565679638,NA,NA,NA,NA,NA,NA,NA,NA,0,0,0,0.999311768754301,0,0,0,0,0,0,3.27315426394552,-0.0108467364854032,0.139846377224505,"Rm1"
"TC201",11,1.207673407,1.430492054,"7-Nov-21","rimatuu","leeward","Rm1Tb30",1,"b",30,17.02867,149.5609,"coral","E5",3.33,-7.88,0.35,"exulans only",NA,0.503638928980677,NA,NA,NA,NA,NA,NA,NA,NA,0,0.00137646249139711,0,0.994494150034412,0,0,0,0,0,0,2.83020681348908,-0.415783884755566,0.253143532476936,"Rm1"
"TC202",58,1.058792551,9.985363426,"7-Nov-21","rimatuu","leeward","Rm1Tb40",1,"b",40,17.02867,149.56099,"coral","E5",3.15,-7.59,0.37,"exulans only",NA,0.260757889779499,NA,NA,NA,NA,NA,NA,NA,NA,0.0165175498967653,0.000688231245698555,0,0.84308327598073,0,0,0,0.0584996558843772,0,0,-2.4165916316471,2.85059178015999,0.875334992881275,"Rm1"
"TC203",23,1.429748808,4.416866724,"7-Nov-21","rimatuu","leeward","Rm1Tc10",1,"c",10,17.029,149.5607,"coral","E5",3.8,-7.62,0.41,"exulans only",NA,0.455988341721855,NA,NA,NA,NA,NA,NA,NA,NA,0.00412938747419133,0,0,0.973158981417756,0.00206469373709566,0,0,0,0,0,2.24664705949371,0.620344128930164,0.226024106046292,"Rm1"
"TC204",5,1.277418564,0.053488247,"7-Nov-21","rimatuu","leeward","Rm1Tc20",1,"c",20,17.02899,149.56079,"coral","D5",3.56,-7.7,0.43,"exulans only",NA,0.793704779868173,NA,NA,NA,NA,NA,NA,NA,NA,0,0,0,1,0,0,0,0,0,0,3.28096909584713,-0.0673729237477916,0.150721396148245,"Rm1"
"TC205",8,1.458151804,0.910089883,"7-Nov-21","rimatuu","leeward","Rm1Tc30",1,"c",30,17.029,149.56091,"coral","D5",3.45,-8.31,0.38,"exulans only",NA,0.701222792164699,NA,NA,NA,NA,NA,NA,NA,NA,0,0,0,0.996558843771507,0,0,0,0,0,0,2.93558924720647,0.234102910760397,0.137779962696394,"Rm1"
"TC206",8,1.444458414,0.733878759,"7-Nov-21","rimatuu","leeward","Rm1Tc40",1,"c",40,17.02901,149.56099,"coral","D5",2.73,-9.29,0.46,"exulans only",NA,0.694637663549379,NA,NA,NA,NA,NA,NA,NA,NA,0,0,0,0.999311768754301,0,0,0,0,0,0,3.27442259252006,-0.225851295028915,0.147614156428864,"Rm1"
"TC207",7,1.214007723,0.776293796,"11-Nov-21","rimatuu","windward","Rm2Ta10",2,"a",10,17.03311,149.55611,"coral","E5",6.35,-9.01,0.41,"exulans only",NA,0.623876556473775,NA,NA,NA,NA,NA,NA,NA,NA,0,0,0,0.991741225051617,0,0,0,0,0,0,2.97406294519349,0.0437963385511141,0.43871843796351,"Rm2"
"TC208",54,1.700491712,11.20301252,"11-Nov-21","rimatuu","windward","Rm2Ta20",2,"a",20,17.0332,149.55606,"coral","D4",6.09,-9.11,0.5,"exulans only",NA,0.426296944823492,NA,NA,NA,NA,NA,NA,NA,NA,0.16655196145905,0.00137646249139711,0,0.570543702684102,0,0,0,0.135581555402615,0,0,-3.03888679529258,3.34445629388013,0.585369747544774,"Rm2"
"TC209",21,0.232886514,4.799188625,"11-Nov-21","rimatuu","windward","Rm2Ta30",2,"a",30,17.03325,149.556,"coral","E5",5.33,-9.5,0.44,"exulans only",NA,0.0764936106610348,NA,NA,NA,NA,NA,NA,NA,NA,0,0,0,0.969717825189264,0,0,0,0.00825877494838266,0,0,-0.837971624927837,5.09554433373991,0.624906018686619,"Rm2"
"TC210",11,0.977570745,2.279227227,"11-Nov-21","rimatuu","windward","Rm2Ta40",2,"a",40,17.0332,149.55594,"coral","E5",5.78,-8.69,0.5,"exulans only",NA,0.407678665573732,NA,NA,NA,NA,NA,NA,NA,NA,0,0,0.00688231245698555,0.982794218857536,0,0,0,0,0,0,3.25878505115331,0.663785208070808,0.599139058876942,"Rm2"
"TC211",6,1.344310566,0.093961361,"11-Nov-21","rimatuu","windward","Rm2Tb10",2,"b",10,17.03298,149.55591,"coral","D5",5.66,-8.25,0.4,"exulans only",NA,0.750274012269722,NA,NA,NA,NA,NA,NA,NA,NA,0,0,0,1,0,0,0,0,0,0,3.25778978919889,-0.0129318225698458,0.427103921700921,"Rm2"
"TC212",84,1.359354122,12.86173077,"11-Nov-21","rimatuu","windward","Rm2Tb20",2,"b",20,17.03306,149.55588,"coral","D4",6.57,-9.28,0.48,"exulans only",NA,0.306795379658862,NA,NA,NA,NA,NA,NA,NA,NA,0.000688231245698555,0.00550584996558844,0.00275292498279422,0.803165863730213,0,0,0,0.0172057811424639,0,0.00137646249139711,-5.24058890160315,2.08640932376062,0.61764736781907,"Rm2"
"TC213",8,1.568771586,0.865239951,"11-Nov-21","rimatuu","windward","Rm2Tb30",2,"b",30,17.03312,149.55582,"coral","E4/E5",6.19,-9.4,0.5,"exulans only",NA,0.754419662469905,NA,NA,NA,NA,NA,NA,NA,NA,0,0,0,0.999311768754301,0,0,0,0,0,0,3.31551666226347,-0.251932851018193,0.432709622937625,"Rm2"
"TC215",180,4.396676392,24.25718526,"11-Nov-21","rimatuu","windward","Rm2Tc10",2,"c",10,17.03278,149.55576,"coral","E5",7.93,-8.62,0.48,"exulans only",NA,0.846661452857305,NA,NA,NA,NA,NA,NA,NA,NA,0.139710942876807,0.0605643496214728,0.00412938747419133,0.00275292498279422,0,0,0,0.0977288368891948,0.0172057811424639,0.012388162422574,-4.75177708602829,-0.73165790633905,0.739432366615881,"Rm2"
"TC216",7,1.345612494,0.686942645,"11-Nov-21","rimatuu","windward","Rm2Tc20",2,"c",20,17.03285,149.55569,"coral","D5",6.6,-9.22,0.54,"exulans only",NA,0.691508030138626,NA,NA,NA,NA,NA,NA,NA,NA,0,0,0,0.999311768754301,0,0,0,0,0,0,3.28514410882625,-0.181895499523484,0.435975404379938,"Rm2"
"TC217",147,3.424500767,19.51222444,"11-Nov-21","rimatuu","windward","Rm2Tc30",2,"c",30,17.03291,149.5556,"coral","E5",6.71,-9.11,0.53,"exulans only",NA,0.686213210468488,NA,NA,NA,NA,NA,NA,NA,NA,0.00688231245698555,0.0165175498967653,0.00275292498279422,0.462491397109429,0,0,0.00481761871988988,0.00344115622849277,0,0,-4.13802441913198,0.581744631119684,0.587401645424901,"Rm2"
"TC218",7,1.438441846,0.307780154,"11-Nov-21","rimatuu","windward","Rm2Tc40",2,"c",40,17.03296,149.55554,"coral","E5",6.96,-9.24,0.57,"exulans only",NA,0.739212880254684,NA,NA,NA,NA,NA,NA,NA,NA,0,0,0,0.999311768754301,0,0,0,0,0,0,3.27763984010693,0.00826254798259122,0.427038485135819,"Rm2"
"TW145",172,2.927227452,24.79811057,"8-Nov-21","aie","leeward","A1Ta10",1,"a",10,17.00918,149.53554,"water",NA,9.34,-8.01,0.49,"none",1035,0.568670343442912,0.0180410936020937,0.0958293891642074,0,0.000890918202572526,0.000111364775321566,0.0291775711342502,0.0114705718581213,0.109026115039813,NA,NA,NA,NA,NA,NA,NA,NA,0.319449858009911,0.124672865972493,-2.17612259313801,-0.0317761205791085,0.101526175111278,"A1"
"TW146",193,3.028004111,26.48057666,"8-Nov-21","aie","leeward","A1Ta20",1,"a",20,17.00924,149.53558,"water",NA,8.04,-7.82,0.34,"none",1030,0.575371911001681,0.0170388106241996,0.102511275683501,0,0.0026170722200568,0.00038977671362548,0.0323514672309149,0.0131967258756055,0.118937580043432,NA,NA,NA,NA,NA,NA,NA,NA,0.298234868311153,0.107188596247007,-2.01081784279802,-0.0841729949137679,0.0646295982895535,"A1"
"TW147",203,3.13664394,29.104345,"8-Nov-21","aie","leeward","A1Ta20",1,"a",30,17.00931,149.53563,"water",NA,6.31,-8.46,0.48,"none",1025,0.590348643055182,0.0185979174787015,0.106297678044435,0,0.00122501252853722,0.00122501252853722,0.049501642630436,0.0199342947825603,0.128849045047052,NA,NA,NA,NA,NA,NA,NA,NA,0.278356255916254,0.104014700150342,-2.0950651333588,-0.0446106112300459,0.0873417966868823,"A1"
"TW148",156,3.031265681,20.56450287,"8-Nov-21","aie","leeward","A1Ta40",1,"a",40,17.00941,149.53574,"water",NA,5.67,-9.13,0.32,"none",1070,0.600267745584891,0.0216604488000445,0.0916532100896486,0,0.00116933014087644,0.000668188651929395,0.0457709226571635,0.0132524082632663,0.178072275739184,NA,NA,NA,NA,NA,NA,NA,NA,0.264936800490005,0.081296285984743,-2.03023621120956,-0.122372159307356,0.0822585541318444,"A1"
"TW149",195,2.920778015,28.11390493,"8-Nov-21","aie","leeward","A1Tb10",1,"b",10,17.00905,149.53566,"water",NA,8.9,-8.18,0.37,"none",1100,0.553912053767658,0.0150899270560722,0.0911520686007016,0,0.00155910685450192,0,0.0324628320062364,0.0111364775321566,0.122000111364775,NA,NA,NA,NA,NA,NA,NA,NA,0.316888468177515,0.112923882176068,-1.93561533264158,-0.0665806689932072,0.100626903953766,"A1"
"TW150",197,3.071846079,28.31730432,"8-Nov-21","aie","leeward","A1Tb20",1,"b",20,17.00915,149.53574,"water",NA,6.6,-8.52,0.36,"none",1075,0.581436233906842,0.0103569241049056,0.0846929116320508,0,0.00178183640514505,0.00105796536555487,0.0420958850715519,0.0109137479815134,0.120719416448577,NA,NA,NA,NA,NA,NA,NA,NA,0.295228019377471,0.125396737012083,-1.99776886786168,-0.116185889043485,0.0949231231588054,"A1"
"TW151",175,3.108343057,24.38443029,"8-Nov-21","aie","leeward","A1Tb30",1,"b",30,17.00924,149.53583,"water",NA,5.81,-9.54,0.34,"none",1045,0.601833855786805,0.0267832284648366,0.122111476140097,0,0.000445459101286263,0.00038977671362548,0.0378083412216716,0.0208252129851328,0.184865527033799,NA,NA,NA,NA,NA,NA,NA,NA,0.242997939751657,0.0675427362325297,-2.10027176281633,-0.198409893404722,0.127907235148641,"A1"
"TW152",194,3.232922692,25.90392034,"8-Nov-21","aie","leeward","A1Tb40",1,"b",40,17.00928,149.53592,"water",NA,5.28,-8.89,0.3,"none",1100,0.613707240092972,0.0322957848432541,0.136700261707222,0,0.00172615401748427,0.00116933014087644,0.0550698813965143,0.0223843198396347,0.191992872654379,NA,NA,NA,NA,NA,NA,NA,NA,0.218553371568573,0.0614733559775043,-1.98763958596294,-0.172106340470099,0.170977535427983,"A1"
"TW153",204,2.948225955,28.70445742,"8-Nov-21","aie","leeward","A1Tc10",1,"c",10,17.00891,149.5359,"water",NA,NA,NA,NA,"none",1055,0.554373718233625,0.0190433765799877,0.0987248733225681,0,0.00144774207918036,0.000556823876607829,0.0315719138036639,0.00996714739128014,0.10167603986859,NA,NA,NA,NA,NA,NA,NA,NA,0.28732112032964,0.127178573417228,-2.16506446157189,0.0222034793561658,0.111963644065891,"A1"
"TW154",193,2.999720977,27.4487983,"8-Nov-21","aie","leeward","A1Tc20",1,"c",20,17.00895,149.53598,"water",NA,7.86,-7.92,0.31,"none",1105,0.5699976379617,0.0162592571969486,0.0960521187148505,0,0.000668188651929395,0.000779553427250961,0.0466061584720753,0.0113035246951389,0.100840804053678,NA,NA,NA,NA,NA,NA,NA,NA,0.314048666406816,0.125842196113369,-2.09589751241785,-0.098935481937248,0.0878722594748179,"A1"
"TW155",204,3.029135136,31.1737452,"8-Nov-21","aie","leeward","A1Tc30",1,"c",30,17.00899,149.53604,"water",NA,NA,NA,NA,"none",1100,0.569587587250054,0.0196002004565956,0.116543237374019,0,0.00105796536555487,0,0.044880004454591,0.0128626315496408,0.131800211593073,NA,NA,NA,NA,NA,NA,NA,NA,0.304749707667465,0.100395344952392,-2.07233409852792,-0.165391330468638,0.0597805326512351,"A1"
"TW156",168,3.104779537,22.93171218,"8-Nov-21","aie","leeward","A1Tc40",1,"c",40,17.00907,149.53612,"water",NA,7.06,-8.82,0.49,"none",1100,0.60593313096662,0.0280639233810346,0.133247953672253,0,0.00150342446684114,0.000612506264268612,0.049501642630436,0.0136421849768918,0.160365276463055,NA,NA,NA,NA,NA,NA,NA,NA,0.257308313380478,0.0771201069101843,-2.11655630146853,-0.139410955468932,0.100987980159435,"A1"
"TW157",395,2.75332036,56.44421957,"9-Nov-21","aie","windward","A2Ta10",2,"a",10,17.00774,149.5361,"water",NA,8.45,-9.34,0.44,"none",1075,0.460507269793193,0.00729439278356256,0.0315162314160031,0.00490005011414889,0.00773985188484882,0.0130296787126232,0.0149785622807506,0.00829667576145665,0.00751712233420569,NA,NA,NA,NA,NA,NA,NA,NA,0.336321621471129,0.296731443844312,-0.947210318431496,1.15675948526984,0.28853381354,"A2"
"TW158",245,2.458288589,37.25785632,"9-Nov-21","aie","windward","A2Ta20",2,"a",20,17.00763,149.53613,"water",NA,7.38,-8.79,0.41,"none",1045,0.446859335613077,0.0061807450303469,0.0267832284648366,0.00150342446684114,0.00445459101286263,0.00679325129461551,0.0207138482098112,0.00840804053677822,0.0239434266941366,NA,NA,NA,NA,NA,NA,NA,NA,0.345286485884515,0.293334818197004,-1.46439133258505,0.194169534930936,0.291888319852851,"A2"
"TW159",189,2.359694495,27.73164482,"9-Nov-21","aie","windward","A2Ta30",2,"a",30,17.00757,149.53619,"water",NA,5.61,-9,0.34,"none",1050,0.45017328921456,0.00902054680104683,0.027451417116766,0.0016147892421627,0.00278411938303914,0.00896486441338605,0.0172615401748427,0.00924327635168996,0.0186535998663623,NA,NA,NA,NA,NA,NA,NA,NA,0.355977504315385,0.282977894092099,-1.65204828807756,0.00427244422230609,0.301838489598961,"A2"
"TW160",199,2.515386672,31.02134286,"9-Nov-21","aie","windward","A2Ta40",2,"a",40,17.00749,149.53615,"water",NA,NA,NA,NA,"none",1000,0.475201552771131,0.00941032351467231,0.03129350186536,0.000334094325964697,0.0016147892421627,0.00640347458099003,0.0212149896987583,0.0126399019989977,0.0387549418119049,NA,NA,NA,NA,NA,NA,NA,NA,0.307645191825826,0.253856005345509,-1.79215502066677,-0.0345136298043026,0.297012609999933,"A2"
"TW161",481,3.53318867,64.64888869,"9-Nov-21","aie","windward","A2Tb10",2,"b",10,17.00767,149.53595,"water",NA,6.83,-9.11,0.48,"none",1020,0.572095952758307,0.0128069491619801,0.0452697811682165,0.0109694303691742,0.0154797037696976,0.0326298791692188,0.0150899270560722,0.0206581658221505,0.0165376691352525,NA,NA,NA,NA,NA,NA,NA,NA,0.234589899214878,0.266384542569185,-0.382293486932067,1.08193502164645,0.204294270942032,"A2"
"TW162",497,3.844012117,64.7607269,"9-Nov-21","aie","windward","A2Tb20",2,"b",20,17.00759,149.53596,"water",NA,6.29,-8.71,0.34,"none",1005,0.619144137532423,0.0231638732668857,0.0782337546634,0.0180410936020937,0.032574196781558,0.044378862965644,0.0208252129851328,0.0335207973717913,0.0153126566067153,NA,NA,NA,NA,NA,NA,NA,NA,0.18068934795924,0.222228409154185,-0.286826347107746,0.502617672914562,0.16725471935444,"A2"
"TW163",240,2.764796133,37.6307855,"9-Nov-21","aie","windward","A2Tb30",2,"b",30,17.0075,149.536,"water",NA,6.04,-8.79,0.37,"none",1040,0.504466025160818,0.00991146500361936,0.0366390110807951,0.00334094325964697,0.00601369786736455,0.0157581157080016,0.0247229801213876,0.0123614900606938,0.0427083913358205,NA,NA,NA,NA,NA,NA,NA,NA,0.269614121053511,0.237095606659614,-1.50319698690566,-0.0189026313486645,0.25803838767437,"A2"
"TW164",293,2.927153074,43.71149761,"9-Nov-21","aie","windward","A2Tb40",2,"b",40,17.00742,149.536,"water",NA,NA,NA,NA,"none",1070,0.515328190793577,0.0125285372236762,0.0412049668689793,0.00506709727713124,0.00857508769976057,0.0206581658221505,0.0212706720864191,0.0159251628709839,0.0428754384988028,NA,NA,NA,NA,NA,NA,NA,NA,0.27456985355532,0.236538782783006,-1.1980202194854,0.0165680646513579,0.227727025836715,"A2"
"TW165",634,4.893892366,76.22419977,"9-Nov-21","aie","windward","A2Tc10",2,"c",10,17.00764,149.53572,"water",NA,7.3,-8.27,0.59,"none",1100,0.758502051140569,0.0446572749039479,0.0898156912968428,0.0305696308257698,0.0314048666406816,0.0870315719138037,0.0326855615568796,0.066930229968261,0.0348571746756501,NA,NA,NA,NA,NA,NA,NA,NA,0.0837463110418175,0.0539005512556378,0.00517947668954407,0.385548006626596,0.385122032851595,"A2"
"TW166",718,5.072383564,83.0761927,"9-Nov-21","aie","windward","A2Tc20",2,"c",20,17.00761,149.53572,"water",NA,6.09,-10.58,0.52,"none",1110,0.771292790264382,0.0444345453533048,0.0800712734562058,0.0269502756278189,0.0390890361378696,0.0925998106798819,0.033353750208809,0.0649256640124729,0.0237763795311543,NA,NA,NA,NA,NA,NA,NA,NA,0.0713291385934629,0.0595244724093769,0.0596155960655119,0.446412609873869,0.399130776048872,"A2"
"TW167",580,4.955224727,69.13484079,"9-Nov-21","aie","windward","A2Tc30",2,"c",30,17.00749,149.53572,"water",NA,7.03,-9.59,0.46,"none",1110,0.778752607464181,0.0524528091764575,0.0939361879837407,0.0283423353193385,0.0367503758561167,0.116933014087644,0.0374185645080461,0.0865861128125174,0.0277855114427307,NA,NA,NA,NA,NA,NA,NA,NA,0.0418731555209087,0.0250013920596915,0.00283323425741926,0.193252913023888,0.468929001800501,"A2"
"TW168",762,5.122968891,88.03352156,"9-Nov-21","aie","windward","A2Tc40",2,"c",40,17.00739,149.53574,"water",NA,NA,NA,NA,"none",1005,0.772002735104895,0.0408708725430146,0.101341945542625,0.0342446684113815,0.0484436772648811,0.0937134584330976,0.0407038253800323,0.0712177738181413,0.027952558605713,NA,NA,NA,NA,NA,NA,NA,NA,0.0517289381368673,0.0250013920596915,0.223107944045924,0.563226800770291,0.458646426700487,"A2"
"TW169",892,5.382421073,103.098305,"10-Nov-21","reiono","leeward","Re1Ta10",1,"a",10,17.04528,149.54781,"water",NA,10.66,-8.88,0.61,"none (recently eradicated)",1080,0.792293796415214,0.0478868533882733,0.0648699816248121,0.0436549919260538,0.0711064090428198,0.134807060526755,0.0243332034077621,0.0804610501698313,0.0126399019989977,NA,NA,NA,NA,NA,NA,NA,NA,0.00250570744473523,0.00250570744473523,0.824864078803431,0.70892784233442,0.23582229599954,"Re1"
"TW170",957,5.433264202,104.6580334,"10-Nov-21","reiono","leeward","Re1Ta20",1,"a",20,17.04528,149.54791,"water",NA,8.62,-7.45,0.59,"none (recently eradicated)",1075,0.791582143621085,0.0460493345954675,0.0638120162592572,0.0462720641461106,0.0652597583384376,0.144885572693357,0.0271730051784621,0.0860849713235704,0.00941032351467231,NA,NA,NA,NA,NA,NA,NA,NA,0.00339662564730776,0.00283980177069993,0.810086533760336,0.564774198967228,0.200307510536158,"Re1"
"TW171",889,5.366599756,97.83854706,"10-Nov-21","reiono","leeward","Re1Ta30",1,"a",30,17.04528,149.54802,"water",NA,6.63,-7.86,0.42,"none (recently eradicated)",1075,0.790356834351553,0.0557937524361045,0.0576312712289103,0.0391447185255304,0.0565176234756946,0.139540063477922,0.0298457597861796,0.0885349963806448,0.00941032351467231,NA,NA,NA,NA,NA,NA,NA,NA,0.00406481429923715,0.00233866028175288,0.775652880089528,0.446533663184182,0.211957762429463,"Re1"
"TW172",757,5.248174111,88.08817047,"10-Nov-21","reiono","leeward","Re1Ta40",1,"a",40,17.04526,149.5481,"water",NA,6.18,-8.22,0.57,"none (recently eradicated)",1060,0.791655836369914,0.0495573250180968,0.0781223898880784,0.0422072498468734,0.0864190656495351,0.132746812183306,0.0265604989141934,0.0931566345564898,0.0103569241049056,NA,NA,NA,NA,NA,NA,NA,NA,0.00528982682777438,0.00267275460771758,0.74129808470322,0.360244308738266,0.19951887312691,"Re1"
"TW173",886,5.232777606,96.48539904,"10-Nov-21","reiono","leeward","Re1Tb10",1,"b",10,17.04634,149.54778,"water",NA,8.65,-7.06,0.61,"none (recently eradicated)",1030,0.771032244910916,0.0601926610613063,0.0737791636505373,0.0531209978283869,0.0858622417729272,0.151957235926277,0.0250570744473523,0.0983350966089426,0.0145887855671251,NA,NA,NA,NA,NA,NA,NA,NA,0.00167047162982349,0.00100228297789409,0.879150659901805,0.353267014042827,0.195250190492503,"Re1"
"TW174",1015,5.501471525,103.3739153,"10-Nov-21","reiono","leeward","Re1Tb20",1,"b",20,17.04631,149.54784,"water",NA,7.5,-8.53,0.48,"none (recently eradicated)",1025,0.794706706172503,0.0460493345954675,0.0647586168494905,0.0422072498468734,0.0743359875271452,0.131243387716465,0.0281196057686954,0.0936577760454368,0.00696029845759786,NA,NA,NA,NA,NA,NA,NA,NA,0.00278411938303914,0.00267275460771758,1.00257574415865,0.381133312190247,0.200962357981234,"Re1"
"TW175",871,5.396160138,99.35956606,"10-Nov-21","reiono","leeward","Re1Tb30",1,"b",30,17.04633,149.54796,"water",NA,7.28,-8.92,0.58,"none (recently eradicated)",1100,0.797111598582486,0.0440447686396793,0.0582994598808397,0.0391447185255304,0.0757280472186647,0.132524082632663,0.024611615346066,0.0839133582047998,0.00991146500361936,NA,NA,NA,NA,NA,NA,NA,NA,0.0038977671362548,0.00306253132134306,0.931486224106868,0.469475532707393,0.224204141732655,"Re1"
"TW176",917,5.535391693,101.4379935,"10-Nov-21","reiono","leeward","Re1Tb40",1,"b",40,17.0463,149.54805,"water",NA,5.15,-8.04,0.36,"none (recently eradicated)",1050,0.811509232996861,0.0370287877944206,0.0572971769029456,0.0378083412216716,0.0660949941533493,0.125341054624422,0.0222729550643132,0.0834122167158528,0.0100228297789409,NA,NA,NA,NA,NA,NA,NA,NA,0.00256138983239601,0.00250570744473523,0.981758604456632,0.471150338967486,0.238273319203026,"Re1"
"TW177",840,5.191898814,89.93168277,"10-Nov-21","reiono","leeward","Re1Tc10",1,"c",10,17.04688,149.54765,"water",NA,9.43,-8.02,0.49,"none (recently eradicated)",1065,0.771066230324665,0.0606938025502534,0.0776769307867921,0.0492789130797929,0.0729996102232864,0.159752770198786,0.0307923603764129,0.101898769419233,0.0123614900606938,NA,NA,NA,NA,NA,NA,NA,NA,0.00222729550643132,0.000890918202572526,0.809767382653619,0.164991395368957,0.198192865350982,"Re1"
"TW178",963,5.414868545,101.7075511,"10-Nov-21","reiono","leeward","Re1Tc20",1,"c",20,17.04686,149.54776,"water",NA,7.99,-7.19,0.56,"none (recently eradicated)",1005,0.788184344491544,0.0437106743137146,0.0616960855281474,0.0409822373183362,0.0601926610613063,0.159140263934518,0.0303469012751267,0.096943036917423,0.0109137479815134,NA,NA,NA,NA,NA,NA,NA,NA,0.00172615401748427,0.00189320118046662,0.889851101285025,0.296271945672983,0.204312045967117,"Re1"
"TW179",939,5.328581084,103.7829427,"10-Nov-21","reiono","leeward","Re1Tc30",1,"c",30,17.04684,149.54784,"water",NA,7.07,-9.46,0.49,"none (recently eradicated)",1125,0.778484255738674,0.0525641739517791,0.0763405534829334,0.0506709727713124,0.0751155409543961,0.144941255081018,0.0227740965532602,0.091820257252631,0.0115262542457821,NA,NA,NA,NA,NA,NA,NA,NA,0.00139205969151957,0.00155910685450192,1.00238230423696,0.303529220738383,0.197950276673258,"Re1"
"TW180",733,5.32098674,84.91171164,"10-Nov-21","reiono","leeward","Re1Tc40",1,"c",40,17.04684,149.54794,"water",NA,6.68,-7.91,0.48,"none (recently eradicated)",1075,0.806558924184182,0.0432095328247675,0.0648699816248121,0.0448243220669302,0.0735564340998942,0.130074057575589,0.0219945431260092,0.0887020435436272,0.00929895873935074,NA,NA,NA,NA,NA,NA,NA,NA,0.00167047162982349,0.00200456595578818,0.76801957397379,0.275603865868531,0.216834696724148,"Re1"
"TW181",729,4.985594299,85.31291794,"12-Nov-21","reiono","windward","Re2Ta10",2,"a",10,17.04488,149.54433,"water",NA,5.76,-8.91,0.29,"none (recently eradicated)",1100,0.756347249832822,0.0554596581101398,0.0790133080906509,0.0583551422685005,0.0800712734562058,0.178406370065148,0.0326855615568796,0.105629489392505,0.011804666184086,NA,NA,NA,NA,NA,NA,NA,NA,0.00807394621081352,0.00517846205245281,0.691839136618624,-0.0170589274475606,0.162617862463831,"Re2"
"TW182",590,4.749056573,71.34785093,"12-Nov-21","reiono","windward","Re2Ta20",2,"a",20,17.04486,149.54424,"water",NA,6.21,-8.84,0.43,"none (recently eradicated)",1085,0.744351937683577,0.0674870538448689,0.0817417450860293,0.0550141990088535,0.0712177738181413,0.191658778328415,0.041817473133248,0.131354752491787,0.0109694303691742,NA,NA,NA,NA,NA,NA,NA,NA,0.00929895873935074,0.00183751879280584,0.547499758159286,-0.131161407183854,0.138270527808594,"Re2"
"TW183",672,4.857072719,82.18919957,"12-Nov-21","reiono","windward","Re2Ta30",2,"a",30,17.04482,149.54414,"water",NA,5.65,-9.36,0.34,"none (recently eradicated)",1080,0.746064513103438,0.0558494348237652,0.0653711231137591,0.0550698813965143,0.0781780722757392,0.187204187315552,0.0318503257419678,0.137813909460438,0.0113035246951389,NA,NA,NA,NA,NA,NA,NA,NA,0.00606938025502534,0.00339662564730776,0.64375345352812,-0.0985392124163159,0.144740286989801,"Re2"
"TW184",856,5.027388558,92.32817948,"12-Nov-21","reiono","windward","Re2Ta40",2,"a",40,17.04478,149.54407,"water",NA,5.97,-9.34,0.44,"none (recently eradicated)",1065,0.744547874706501,0.0443231805779832,0.0680995601091375,0.0444345453533048,0.0639233810345788,0.225290940475528,0.0275627818920875,0.114817083356534,0.00974441784063701,NA,NA,NA,NA,NA,NA,NA,NA,0.00328526087198619,0.00278411938303914,0.852116491796772,0.0462249779530377,0.188503811682312,"Re2"
"TW185",975,5.218666237,102.7206608,"12-Nov-21","reiono","windward","Re2Tb10",2,"b",10,17.04511,149.54422,"water",NA,7.62,-7.19,0.47,"none (recently eradicated)",1060,0.758258430823546,0.0532323626037084,0.0719973272453923,0.0459936522078067,0.0729996102232864,0.17423019099059,0.0345787627373462,0.100562392115374,0.0109694303691742,NA,NA,NA,NA,NA,NA,NA,NA,0.0077955342725096,0.00540119160309594,0.870593748303751,0.121730786156722,0.178536548835516,"Re2"
"TW186",824,4.970292869,90.27797324,"12-Nov-21","reiono","windward","Re2Tb20",2,"b",20,17.04508,149.54414,"water",NA,5.65,-9.69,0.34,"none (recently eradicated)",1075,0.740269084149552,0.0456038754941812,0.0640904281975611,0.0444902277409655,0.066429088479314,0.213597639066763,0.022829778940921,0.139261651539618,0.0126399019989977,NA,NA,NA,NA,NA,NA,NA,NA,0.00445459101286263,0.00528982682777438,0.752209522247843,-0.0185326383595823,0.167132422861158,"Re2"
"TW187",337,4.490243725,47.27310428,"12-Nov-21","reiono","windward","Re2Tb30",2,"b",30,17.04507,149.54405,"water",NA,5.38,-10.19,0.33,"none (recently eradicated)",1075,0.771508546997311,0.0718859624700707,0.0995601091374798,0.0747814466284314,0.0878668077287154,0.134918425302077,0.0413163316443009,0.132412717857342,0.00996714739128014,NA,NA,NA,NA,NA,NA,NA,NA,0.00746143994654491,0.00356367281029011,0.299626216738251,-0.696986611500834,0.224605033622379,"Re2"
"TW188",663,4.821959137,80.66001071,"12-Nov-21","reiono","windward","Re2Tb40",2,"b",40,17.04504,149.54398,"water",NA,5.09,-8.94,0.38,"none (recently eradicated)",1035,0.74220811776368,0.0649256640124729,0.078734896152347,0.0578540007795534,0.077955342725096,0.190099671473913,0.0365833286931344,0.120106910184309,0.0126955843866585,NA,NA,NA,NA,NA,NA,NA,NA,0.00540119160309594,0.00356367281029011,0.644748590738294,-0.148579012930686,0.146076272412249,"Re2"
"TW189",667,5.060551031,80.31121083,"12-Nov-21","reiono","windward","Re2Tc10",2,"c",10,17.04559,149.54399,"water",NA,7.23,-8.11,0.42,"none (recently eradicated)",1055,0.778212274311165,0.0496686897934183,0.0688791135363884,0.0378640236093324,0.0733893869369119,0.16142324182861,0.034356033186703,0.109917033242385,0.00835235814911743,NA,NA,NA,NA,NA,NA,NA,NA,0.0107467008185311,0.00601369786736455,0.589370804805918,0.0194865062511753,0.202025952849858,"Re2"
"TW190",690,4.899714619,80.92235539,"12-Nov-21","reiono","windward","Re2Tc20",2,"c",20,17.04558,149.54388,"water",NA,4.69,-9.48,0.28,"none (recently eradicated)",1010,0.749571024706977,0.0457709226571635,0.0581880951055181,0.0391447185255304,0.0554596581101398,0.226961412105351,0.0354696809399187,0.126788796703603,0.0087978172504037,NA,NA,NA,NA,NA,NA,NA,NA,0.00317389609666462,0.00250570744473523,0.701361317319668,-0.121537687372026,0.194521901413019,"Re2"
"TW191",677,4.853298581,74.78294389,"12-Nov-21","reiono","windward","Re2Tc30",2,"c",30,17.04556,149.54381,"water",NA,5.07,-9.35,0.43,"none (recently eradicated)",1060,0.744636907536365,0.0635336043209533,0.075672364831004,0.052842585890083,0.0757837296063255,0.202294114371624,0.0381981179352971,0.13085361100284,0.00746143994654491,NA,NA,NA,NA,NA,NA,NA,NA,0.00551255637841751,0.00367503758561167,0.622260041834851,-0.170847970578905,0.147315491699381,"Re2"
"TW192",498,4.627686696,62.93718089,"12-Nov-21","reiono","windward","Re2Tc40",2,"c",40,17.04553,149.54372,"water",NA,4.64,-8.55,0.31,"none (recently eradicated)",1075,0.745127143690922,0.0595801547970377,0.0763405534829334,0.0554596581101398,0.0749484937914138,0.214544239656996,0.0388663065872265,0.127902444456818,0.0091319115763684,NA,NA,NA,NA,NA,NA,NA,NA,0.00378640236093324,0.00328526087198619,0.488505159142791,-0.331960449346187,0.149368678008477,"Re2"
"TW193",996,5.164093424,105.7678629,"7-Nov-21","rimatuu","leeward","Rm1Ta10",1,"a",10,17.02838,149.56067,"water",NA,3.51,-7.91,0.35,"exulans only",1075,0.748013105248982,0.0449356868422518,0.0733893869369119,0.0489448187538282,0.0829667576145665,0.203073667798875,0.0275627818920875,0.0973884960187093,0.0137535497522134,NA,NA,NA,NA,NA,NA,NA,NA,0.00885349963806448,0.00339662564730776,1.18935220339829,0.00752671945166234,0.187919108114777,"Rm1"
"TW194",905,5.042147536,97.72467726,"7-Nov-21","rimatuu","leeward","Rm1Ta20",1,"a",20,17.02839,149.56076,"water",NA,3.37,-7.69,0.34,"exulans only",1020,0.740628043260903,0.0451027340052341,0.0676541010078512,0.0451584163928949,0.0775655660114706,0.198674759173673,0.0275070995044268,0.115373907233142,0.0140319616905173,NA,NA,NA,NA,NA,NA,NA,NA,0.00612506264268612,0.00506709727713124,0.984942810202262,-0.1018704959806,0.175644178875328,"Rm1"
"TW195",834,4.899222377,85.42795574,"7-Nov-21","rimatuu","leeward","Rm1Ta30",1,"a",30,17.0284,149.56085,"water",NA,3.51,-6.93,0.45,"exulans only",1030,0.728375315563975,0.0626983685060415,0.0834122167158528,0.0540119160309594,0.0794030848042764,0.20769530597472,0.0394788128514951,0.121053510774542,0.00874213486274291,NA,NA,NA,NA,NA,NA,NA,NA,0.00556823876607829,0.00245002505707445,0.868515990386767,-0.201089525048823,0.148620721203185,"Rm1"
"TW196",647,4.750113509,75.4794887,"7-Nov-21","rimatuu","leeward","Rm1Ta40",1,"a",40,17.0284,149.56096,"water",NA,3.25,-7.56,0.34,"exulans only",1025,0.733909048259028,0.061306308814522,0.0757280472186647,0.0528982682777437,0.0800712734562058,0.225625034801492,0.0329639734951835,0.128347903558105,0.0115819366334428,NA,NA,NA,NA,NA,NA,NA,NA,0.00272843699537836,0.0019488835681274,0.584976382698777,-0.208573629637472,0.142128464249994,"Rm1"
"TW197",680,4.822695764,79.36852004,"7-Nov-21","rimatuu","leeward","Rm1Tb10",1,"b",10,17.02868,149.56068,"water",NA,4.07,-7.17,0.47,"exulans only",1055,0.739439918020342,0.0565733058633554,0.0796258143549195,0.0503925608330085,0.0811292388217607,0.207750988362381,0.0291775711342502,0.112589787850103,0.0134194554262487,NA,NA,NA,NA,NA,NA,NA,NA,0.00768416949718804,0.00206024834344897,0.779176534802848,-0.255099756353342,0.148327732195765,"Rm1"
"TW198",690,4.782535014,84.41788616,"7-Nov-21","rimatuu","leeward","Rm1Tb20",1,"b",20,17.02868,149.56081,"water",NA,3.4,-7.72,0.45,"exulans only",1060,0.731644585429471,0.0474970766746478,0.0862520184865527,0.0519516676875104,0.0790133080906509,0.20557937524361,0.0324628320062364,0.122946711955009,0.0137535497522134,NA,NA,NA,NA,NA,NA,NA,NA,0.00768416949718804,0.00222729550643132,0.758770287579601,-0.320758776053976,0.146990410103462,"Rm1"
"TW199",797,4.962500667,88.99414151,"7-Nov-21","rimatuu","leeward","Rm1Tb30",1,"b",30,17.02867,149.5609,"water",NA,3.33,-7.88,0.35,"exulans only",1060,0.7427942839042,0.0463277465337714,0.0686563839857453,0.0407595077676931,0.0677654657831728,0.221059079013308,0.0316832785789855,0.119550086307701,0.0134751378139095,NA,NA,NA,NA,NA,NA,NA,NA,0.00952168828999387,0.00384208474859402,0.847037209332972,-0.111713678597715,0.157411075443318,"Rm1"
"TW200",505,4.574298283,61.90325658,"7-Nov-21","rimatuu","leeward","Rm1Tb40",1,"b",40,17.02867,149.56099,"water",NA,3.15,-7.59,0.37,"exulans only",1040,0.734879162108295,0.0594131076340553,0.0815746979230469,0.0559607995990868,0.0751712233420569,0.233921710562949,0.0343003507990423,0.131354752491787,0.0117489837964252,NA,NA,NA,NA,NA,NA,NA,NA,0.00478868533882733,0.00256138983239601,0.514466543680223,-0.414906481498295,0.157559337274538,"Rm1"
"TW201",671,4.928971773,80.69413719,"7-Nov-21","rimatuu","leeward","Rm1Tc10",1,"c",10,17.029,149.5607,"water",NA,3.8,-7.62,0.41,"exulans only",1050,0.757281702465374,0.0483323124895596,0.0712177738181413,0.0478868533882733,0.0775098836238098,0.179352970655382,0.0252241216103346,0.119383039144719,0.0175956345008074,NA,NA,NA,NA,NA,NA,NA,NA,0.00662620413163316,0.00267275460771758,0.667319628047217,-0.344414833025933,0.194878455426181,"Rm1"
"TW202",425,4.53124056,55.75301065,"7-Nov-21","rimatuu","leeward","Rm1Tc20",1,"c",20,17.02899,149.56079,"water",NA,3.56,-7.7,0.43,"exulans only",1045,0.748706840485183,0.0618631326911298,0.0831894871652096,0.0574642240659279,0.0856395122222841,0.199008853499638,0.025892310262264,0.138871874825993,0.0225513670026171,NA,NA,NA,NA,NA,NA,NA,NA,0.00829667576145665,0.00300684893368228,0.37623239675559,-0.531748030780872,0.166974757544236,"Rm1"
"TW203",644,4.728784081,77.53977458,"7-Nov-21","rimatuu","leeward","Rm1Tc30",1,"c",30,17.029,149.56091,"water",NA,3.45,-8.31,0.38,"exulans only",1035,0.731138582864737,0.0598585667353416,0.0824656161256195,0.0462720641461106,0.0810735564340999,0.21265103847653,0.0371401525697422,0.123614900606938,0.0114705718581213,NA,NA,NA,NA,NA,NA,NA,NA,0.0065148393563116,0.00373071997327245,0.726491027866291,-0.395161405244207,0.142149892207674,"Rm1"
"TW204",597,4.70855081,71.33689745,"7-Nov-21","rimatuu","leeward","Rm1Tc40",1,"c",40,17.02901,149.56099,"water",NA,2.73,-9.29,0.46,"exulans only",1075,0.73664140608683,0.0526198563394398,0.0657608998273846,0.0511164318725987,0.068489336822763,0.231694415056518,0.0354696809399187,0.132022941143716,0.00890918202572526,NA,NA,NA,NA,NA,NA,NA,NA,0.00517846205245281,0.00300684893368228,0.586776923153993,-0.315959432964014,0.169329942957063,"Rm1"
"TW206",619,5.133670738,79.68413793,"11-Nov-21","rimatuu","windward","Rm2Ta20",2,"a",20,17.0332,149.55606,"water",NA,6.09,-9.11,0.5,"exulans only",1085,0.798628914777558,0.0589119661451083,0.0421515674592126,0.0403697310540676,0.0396458600144774,0.13586502589231,0.0228854613285818,0.0933793641071329,0.00818531098613509,NA,NA,NA,NA,NA,NA,NA,NA,0,0.00038977671362548,0.933884255634817,-1.07707359192229,0.356944403772821,"Rm2"
"TW207",484,4.653092803,60.5397023,"11-Nov-21","rimatuu","windward","Rm2Ta30",2,"a",30,17.03325,149.556,"water",NA,5.33,-9.5,0.44,"exulans only",1065,0.752673713352686,0.0610278968762181,0.0733893869369119,0.0550141990088535,0.0804053677821705,0.186814410601927,0.0363605991424912,0.145665126120608,0.008463722924439,NA,NA,NA,NA,NA,NA,NA,NA,0.00178183640514505,0.00167047162982349,0.622747999256238,-0.433192186771273,0.17371303588313,"Rm2"
"TW208",611,4.862511062,69.57708083,"11-Nov-21","rimatuu","windward","Rm2Ta40",2,"a",40,17.0332,149.55594,"water",NA,5.78,-8.69,0.5,"exulans only",1045,0.757979356032666,0.065649535052063,0.0617517679158082,0.050782337546634,0.066429088479314,0.189765577147948,0.0393117656885127,0.128069491619801,0.00762848710952726,NA,NA,NA,NA,NA,NA,NA,NA,0.00172615401748427,0.00272843699537836,0.697141547305779,-0.270246500345186,0.188381882220353,"Rm2"
"TW209",678,4.887874268,80.83351628,"11-Nov-21","rimatuu","windward","Rm2Tb10",2,"b",10,17.03298,149.55591,"water",NA,5.66,-8.25,0.4,"exulans only",1070,0.749772025712926,0.0563505763127123,0.0786792137646862,0.0545130575199065,0.0814633331477254,0.180522300796258,0.0331310206581658,0.123559218219277,0.00801826382315274,NA,NA,NA,NA,NA,NA,NA,NA,0.00851940531209978,0.00239434266941366,0.739897760050407,-0.174602810161733,0.165738578981532,"Rm2"
"TW211",858,5.035095878,96.94684834,"11-Nov-21","rimatuu","windward","Rm2Tb30",2,"b",30,17.03312,149.55582,"water",NA,6.19,-9.4,0.5,"exulans only",1010,0.745431679464632,0.0525641739517791,0.0835235814911743,0.0463277465337714,0.0904281975611114,0.162759619132468,0.0320173729049502,0.11381480037864,0.0108023832061919,NA,NA,NA,NA,NA,NA,NA,NA,0.00378640236093324,0.0026170722200568,0.951746363167543,-0.0114419448710824,0.177553772422224,"Rm2"
"TW212",649,4.852044211,77.47115551,"11-Nov-21","rimatuu","windward","Rm2Tb40",2,"b",40,17.0332,149.55576,"water",NA,6.34,-8.95,0.49,"exulans only",1075,0.749300382425968,0.0626426861183808,0.0801269558438666,0.0526755387271006,0.08463722924439,0.191881507879058,0.0278411938303914,0.119939863021326,0.0100785121666017,NA,NA,NA,NA,NA,NA,NA,NA,0.00217161311877053,0.00361935519795089,0.756502913934661,-0.212230667150098,0.169154686435422,"Rm2"
"TW213",404,4.253671566,53.67894877,"11-Nov-21","rimatuu","windward","Rm2Tc10",2,"c",10,17.03278,149.55576,"water",NA,7.93,-8.62,0.48,"exulans only",1060,0.708778121909328,0.0393674480761735,0.0511164318725987,0.0423742970098558,0.0572971769029456,0.127234255804889,0.0221059079013308,0.0712177738181413,0.00673756890695473,NA,NA,NA,NA,NA,NA,NA,NA,0.130575199064536,0.0270059580154797,0.207097883980623,-0.512325868519433,0.354633236749529,"Rm2"
"TW214",553,4.804487543,68.67927639,"11-Nov-21","rimatuu","windward","Rm2Tc20",2,"c",20,17.03285,149.55569,"water",NA,6.6,-9.22,0.54,"exulans only",1075,0.760762500216435,0.0632551923826494,0.0727211982849825,0.0455481931065204,0.0771757892978451,0.158082298568963,0.026671863689515,0.114315941867587,0.00723871039590178,NA,NA,NA,NA,NA,NA,NA,NA,0.0315162314160031,0.0131967258756055,0.500745561511729,-0.214921684351008,0.188403577704178,"Rm2"
"TW215",716,4.927480074,79.79055614,"11-Nov-21","rimatuu","windward","Rm2Tc30",2,"c",30,17.03291,149.5556,"water",NA,6.71,-9.11,0.53,"exulans only",1050,0.749577093629462,0.0596358371846985,0.0792917200289548,0.0549585166211927,0.0907622918870761,0.182248454813742,0.0332980678211482,0.11097499860794,0.00902054680104683,NA,NA,NA,NA,NA,NA,NA,NA,0.0109694303691742,0.00490005011414889,0.714319904855565,-0.0688213942514078,0.155525384694808,"Rm2"
"TW216",540,4.771237321,67.11699042,"11-Nov-21","rimatuu","windward","Rm2Tc40",2,"c",40,17.03296,149.55554,"water",NA,6.96,-9.24,0.57,"exulans only",1070,0.758354110900695,0.0565733058633554,0.0876440781780723,0.0561835291497299,0.0985021437719249,0.179687064981346,0.0315719138036639,0.110139762793029,0.0081296285984743,NA,NA,NA,NA,NA,NA,NA,NA,0.0102455593295841,0.00378640236093324,0.589875911940226,-0.353112344245476,0.177100509770821,"Rm2"
